lat,lon,dist,
-2.2554905161813217,-132.91471229621322,409341.21316889406,
-2.2523302421309292,-133.15767041877052,409339.24043727334,
-2.249169882846119,-133.40062850598764,409337.2683074267,
-2.2460094639315407,-133.64358654173657,409335.2944377886,
-2.2428489726476126,-133.88654453398698,409333.31999917893,
-2.239688409041319,-134.1295024826352,409331.3449916738,
-2.2365277731611646,-134.37246038763493,409329.36941528774,
-2.2333670650471427,-134.61541824890838,409327.39327007486,
-2.2302062720254088,-134.85837607452754,409325.417726828,
-2.227045417479107,-135.10133384295483,409323.4404427538,
-2.22388449295696,-135.34429157261633,409321.4625912976,
-2.220723496387326,-135.58724925826652,409319.4841711699,
-2.217562427813812,-135.83020689982976,409317.5051824141,
-2.2144012872882395,-136.0731644972161,409315.52562508977,
-2.2112400621769432,-136.31612205866838,409313.5466699167,
-2.208078777880415,-136.55907956754618,409311.5659755362,
-2.204917421768696,-136.80203703204842,409309.5847126942,
-2.2017559938817977,-137.0449944520995,409307.6028814415,
-2.1985944942717643,-137.28795182763997,409305.6204817958,
-2.1954329229772966,-137.53090915857558,409303.6375138303,
-2.1922712652988383,-137.77386661618237,409301.65514688595,
-2.1891095507876734,-138.0168238577491,409299.6710423532,
-2.185947764731286,-138.25978105450378,409297.6863696139,
-2.182785907176923,-138.5027382063883,409295.7011286945,
-2.1796239781692486,-138.74569531330587,409293.71531966346,
-2.176461977755583,-138.98865220711633,409291.72894253425,
-2.1732998934071057,-139.23160923245996,409289.7431679641,
-2.17013775032497,-139.4745662041173,409287.75565478095,
-2.166975535975977,-139.7175231305472,409285.76757362665,
-2.1638132504036776,-139.96048001166184,409283.77892455546,
-2.1606508936517046,-140.20343684739618,409281.78970760456,
-2.1574884636469243,-140.4463938005889,409279.79992147925,
-2.154325952154378,-140.68935055400942,409277.81073943374,
-2.1511633821520935,-140.9323072531849,409275.81981908734,
-2.1480007411577478,-141.17526390670395,409273.8283310085,
-2.14483802921479,-141.41822051446968,409271.8362752701,
-2.14167524636687,-141.66117707641456,409269.84365190647,
-2.138512392662424,-141.90413359248885,409267.85046094505,
-2.135349455676543,-142.14709007139305,409265.85787293466,
-2.132186460404915,-142.3900464954928,409263.86354692245,
-2.129023394414785,-142.63300287350728,409261.86865342536,
-2.125860257750785,-142.8759592053372,409259.87319251715,
-2.1226970483373138,-143.11891548575073,409257.87716288783,
-2.119533770465975,-143.36187172502423,409255.88056726573,
-2.1163704096351585,-143.6048279268182,409253.88457478903,
-2.113206990742672,-143.84778407326826,409251.8868445935,
-2.110043501410969,-144.0907401731808,409249.8885471991,
-2.106879941676634,-144.33369622649138,409247.8896826316,
-2.103716311591603,-144.57665223313137,409245.89025092986,
-2.1005526111982706,-144.8196081930248,409243.8902521408,
-2.0973888281745108,-145.06256411513436,409241.8908566976,
-2.094224987316519,-145.30551998133444,409239.8897238538,
-2.0910610762881543,-145.54847580056872,409237.8880240553,
-2.087897095136653,-145.79143157277065,409235.88575733063,
-2.084733041788556,-146.0343874607908,409233.88292237977,
-2.081568920529846,-146.2773431387098,409231.8795219422,
-2.078404716963804,-146.52029877853886,409229.8767250547,
-2.075240455788687,-146.76325436190348,409227.8721910696,
-2.072076124721507,-147.00620989787268,409225.86709037697,
-2.068911723804756,-147.2491652182876,409223.8614230059,
-2.0657472530890577,-147.49212065925616,409221.8551890194,
-2.062582712613291,-147.73507605260772,409219.8483884577,
-2.059418090161698,-147.97803140757247,409217.8421916323,
-2.0562534103214163,-148.2209867055198,409215.8342580165,
-2.053088660864972,-148.4639419556363,409213.8257579478,
-2.0499238397140234,-148.70689732076954,409211.81669012055,
-2.0467589511608533,-148.9498524750211,409209.8070572681,
-2.0435939931259064,-149.19280758122227,409207.79685809265,
-2.040428953434662,-149.4357626487306,409205.78726286266,
-2.037263856585853,-149.67871765866806,409203.77593113686,
-2.0340986903931655,-149.92167262033803,409201.76403322624,
-2.030933454906208,-150.16462753367614,409199.75156916096,
-2.027768150168631,-150.40758239861339,409197.7385389753,
-2.0246027762252443,-150.65053721508798,409195.7249427095,
-2.0214373209522907,-150.8934919925498,409193.7119505844,
-2.0182718087479374,-151.13644654377532,409191.6972223005,
-2.015106225350021,-151.3794013773246,409189.68192672054,
-2.011940575057041,-151.6223559991971,409187.6660665897,
-2.008774855789337,-151.8653105722363,409185.64964059705,
-2.0056090675929106,-152.10826509637815,409183.63264878164,
-2.0024431983924105,-152.35121958119942,409181.61626131233,
-1.9992772724844865,-152.59417400733014,409179.5981379861,
-1.9961112777869123,-152.8371283843295,409177.57944898005,
-1.992945214341056,-153.08008271215334,409175.5601943105,
-1.9897790822010433,-153.3230369907044,409173.54037405323,
-1.9866128814034207,-153.56599121991127,409171.51998824003,
-1.9834465999333164,-153.80894540950925,409169.50020694756,
-1.9802802598537972,-154.05189970276336,409167.4786887731,
-1.9771138533852348,-154.29485378355417,409165.4566065167,
-1.9739473784442065,-154.53780781471664,409163.4339588727,
-1.970780835083811,-154.78076179618296,409161.4107458857,
-1.9676142233417346,-155.0237157278794,409159.3869675975,
-1.9644475312561867,-155.26666945154858,409157.363794047,
-1.961280782908692,-155.50962328351818,409155.33888526534,
-1.9581139663222127,-155.7525770654966,409153.31341131264,
-1.954947081543918,-155.9955307974173,409151.28737223306,
-1.9517801286185854,-156.23848447920176,409149.2607680738,
-1.9486131075911308,-156.48143811079126,409147.23359885433,
-1.945446006545734,-156.72439170214716,409145.2070345762,
-1.9422788473398036,-156.96734539605416,409143.1787340375,
-1.9391116222944011,-157.2102988766183,409141.1498699482,
-1.9359443293343348,-157.45325230670346,409139.1204409803,
-1.9327769685031597,-157.6962056862215,409137.0904471897,
-1.929609539845726,-157.93915901510576,409135.0598886095,
-1.926442031495941,-158.1821123034557,409133.029935163,
-1.923274467336716,-158.42506553087833,409130.9982471337,
-1.9201068354903543,-158.66801870745041,409128.9659944497,
-1.9169391360028192,-158.91097183309603,409126.9331771587,
-1.9137713689213283,-159.15392490775065,409124.89979529585,
-1.9106035342953984,-159.39687776324564,409122.86584890983,
-1.9074356181729752,-159.6398309088923,409120.8325064948,
-1.9042676485959413,-159.8827838301592,409118.7974311716,
-1.9010996116064862,-160.12573670013649,409116.76179145835,
-1.8979315072541172,-160.3686895187538,409114.7255874076,
-1.8947633355825753,-160.61164228595356,409112.68881903525,
-1.8915950966401045,-160.85459500164086,409110.65148641117,
-1.8884267786553735,-161.09754767619347,409108.61475929327,
-1.8852584053160326,-161.34050028870166,409106.57629825565,
-1.882089964841354,-161.58345284947825,409104.5372730967,
-1.8789214572798345,-161.82640535848083,409102.4976838316,
-1.8757528826785457,-162.0693578156218,409100.4575305251,
-1.8725842389548126,-162.3123103837408,409098.41681185004,
-1.8694155186441639,-162.55526274748564,409096.37670027,
-1.8662467432016951,-162.79821504863827,409094.33485507854,
-1.8630779009034097,-163.04116729763723,409092.2924460222,
-1.8599089917917921,-163.28411932631832,409090.24947313365,
-1.8567400159187508,-163.5270714708093,409088.20593645854,
-1.8535709733266605,-163.77002356293315,409086.1618360529,
-1.850401852344591,-164.01297561328124,409084.11834157497,
-1.847232676461753,-164.2559276004821,409082.0731138055,
-1.8440634339942972,-164.4988795351025,409080.02732243337,
-1.8408941249965705,-164.74183141707056,409077.9809674912,
-1.8377247473856488,-164.9847834092207,409075.93404766754,
-1.8345553054569066,-165.22773518565413,409073.88656574505,
-1.8313857854697881,-165.47068692001756,409071.8396899377,
-1.8282162108057454,-165.7136385906669,409069.7910811799,
-1.825046569835441,-165.95659020830374,409067.7419090754,
-1.821876862608426,-166.19954177285894,409065.69217366853,
-1.8187070891718145,-166.4424932842491,409063.64187501743,
-1.8155372379495345,-166.68544475330128,409061.5921826564,
-1.812367332235141,-166.92839615817843,409059.5407576174,
-1.8091973604492544,-167.17134750968586,409057.48876943963,
-1.806027322636582,-167.41429863965305,409055.43621818867,
-1.8028572188442398,-167.65724988417787,409053.38310392364,
-1.7996870469917852,-167.90020123804214,409051.3294252655,
-1.796516799807025,-168.1431523863443,409049.2763544927,
-1.793346498357697,-168.38610346991783,409047.221551356,
-1.7901761311138824,-168.62905449967718,409045.1661853776,
-1.7870056981228768,-168.87200547555733,409043.11025657644,
-1.7838351994234507,-169.1149563974763,409041.0537650204,
-1.7806646350700155,-169.35790726538107,409038.99671072816,
-1.7774939935869323,-169.60085809033512,409036.94026312936,
-1.7743232980654928,-169.84380884999098,409034.88208351535,
-1.7711525370267929,-170.08675955540724,409032.82334131113,
-1.7679817105132247,-170.3297102065003,409030.7640365706,
-1.7648108164488105,-170.57266096612523,409028.7041679386,
-1.7616398591331193,-170.81561150838735,409026.643738226,
-1.758468825014609,-171.05856200738475,409024.5839154119,
-1.7552977370816611,-171.3015124405236,409022.52236091736,
-1.752126583909808,-171.5444626508954,409020.460244099,
-1.7489553655438743,-171.78741297461812,409018.39756499906,
-1.7457840820274717,-172.03036324352524,409016.3343236648,
-1.7426127334101276,-172.27331345753078,409014.27052014816,
-1.7394413083204419,-172.5162636279765,409012.2073237191,
-1.736269829644977,-172.7592137319993,409010.14239594765,
-1.7330982860042659,-173.00216378093023,409008.07690611115,
-1.7299266753196436,-173.2451139375848,409006.0108528846,
-1.7267550018922446,-173.48806387607402,409003.94423907937,
-1.7235832636399067,-173.7310137592362,409001.87706335844,
-1.7204114492397484,-173.9739635985241,408999.8104949232,
-1.717239581483689,-174.21691337084377,408997.7421954791,
-1.7140676490407125,-174.45986308762207,408995.6733342503,
-1.7108956519556309,-174.70281274877783,408993.6039112822,
-1.7077235902803642,-174.9457623542525,408991.53392662364,
-1.7045514640597568,-175.18871190396453,408989.4633803123,
-1.701379262017043,-175.43166124139782,408987.39344148687,
-1.6982070068447404,-175.67461067940627,408985.32177199057,
-1.6950346851355629,-175.9175602243373,408983.24953959545,
-1.6918623011933556,-176.16050955031807,408981.1767471188,
-1.6886898529346048,-176.40345882016652,408979.10339322296,
-1.6855173291337244,-176.6464080455836,408977.0306469727,
-1.6823447523916262,-176.88935720300458,408974.9561703428,
-1.6791721114686682,-177.13230630409095,408972.88113241794,
-1.6759994064190682,-177.3752553487546,408970.8055332663,
-1.6728266372830498,-177.6182043369493,408968.72937289753,
-1.6696538041065245,-177.8611532685846,408966.6526513788,
-1.6664808957182848,-178.10410215547154,408964.57653772365,
-1.6633079346163704,-178.3470509737972,408962.4986940237,
-1.6601349096119966,-178.5899997353598,408960.4202893031,
-1.6569618186262227,-178.832948602986,408958.34132221364,
-1.653788665965578,-179.07589725078532,408956.26179559797,
-1.650615449544081,-179.31884584159627,408954.181708093,
-1.6474421582330656,-179.56179421925276,408952.10222865286,
-1.644268814437033,-179.8047426958828,408950.02101952466,
-1.6410954070194979,179.95230888467404,408947.93924960954,
-1.6379219360273132,179.70936052252583,408945.8569190369,
-1.6347484015067117,179.46641221772538,408943.7740277987,
-1.6315748035013065,179.22346397034198,408941.69057594595,
-1.6284011309440294,178.98051576833348,408939.6077323603,
-1.6252274061222496,178.7375676359846,408937.52315940504,
-1.6220536158296586,178.49461939838343,408935.43802460044,
-1.6188797643685728,178.25167138139227,408933.3523307533,
-1.6157058496562557,178.00872342219057,408931.26607653097,
-1.6125318717423223,177.76577552084453,408929.17926196987,
-1.609357819598787,177.522827665172,408927.0930558684,
-1.6061837154241525,177.27987987973742,408925.0051207633,
-1.6030095481799829,177.03693215237655,408922.91662546294,
-1.5998353179206317,176.79398448315905,408920.827570005,
-1.596661024690923,176.55103704025635,408918.73795443785,
-1.5934866575044786,176.30808947519725,408916.64894750615,
-1.5903122384753579,176.0651419808399,408914.55821186496,
-1.5871377544862688,175.82219438200718,408912.466914847,
-1.5839632098349885,175.57924700458665,408910.37505930214,
-1.580788602447004,175.33629968574357,408908.2826438746,
-1.5776139323647111,175.09335242555917,408906.1896686261,
-1.5744391886586677,174.85040521162045,408904.0973022067,
-1.5712643933351713,174.60745806894127,408902.00320741994,
-1.568089535457815,174.3645109851355,408899.9085529463,
-1.564914615072669,174.12156396026703,408897.8133388181,
-1.5617396322269381,173.87861699440788,408895.717565082,
-1.5585645869629956,173.63567008765116,408893.6212318065,
-1.5553894684047347,173.39272322744168,408891.52550755814,
-1.5522142963299845,173.14977627613885,408889.42805387714,
-1.5490390641100866,172.9068295470464,408887.33004218835,
-1.5458637696584743,172.66388287734082,408885.231471137,
-1.5426884130247625,172.42093643517848,408883.13234076014,
-1.5395129942537695,172.17798988444878,408881.03265111044,
-1.53633750251788,171.93504338057988,408878.93357069173,
-1.5331619596233153,171.69209694908005,408876.8327625994,
-1.5299863547283605,171.44915057732135,408874.73139537155,
-1.5268106878849361,171.2062042653853,408872.629469065,
-1.5236349591355964,170.96325801332998,408870.52698370273,
-1.520459157694332,170.72031180839625,408868.42510773835,
-1.5172833052852082,170.47736567630056,408866.32150440715,
-1.5141073889801582,170.23441944140384,408864.21734076325,
-1.510931413087249,169.99147342959066,408862.11261966295,
-1.5077553755220485,169.74852747802998,408860.00733976066,
-1.5045792763342403,169.50558158677785,408857.90150107635,
-1.5014031047780327,169.26263574296334,408855.7962719969,
-1.498226882483919,169.01968997255673,408853.6893159176,
-1.495050598706453,168.77674426268666,408851.58180120407,
-1.4918742534880822,168.53379861342017,408849.4737279081,
-1.48869784687364,168.29085319293625,408847.3650960798,
-1.4855213789150914,168.04790766511002,408845.2559057672,
-1.4823448389259901,167.80496218502503,408843.1473252499,
-1.4791682462901272,167.5620166159976,408841.037016668,
-1.4759915945800348,167.31907127085057,408838.92615115305,
-1.472814881708781,167.0761259867504,408836.81472734147,
-1.4696381077236127,166.83318076376585,408834.702745275,
-1.466461272672959,166.59023560196442,408832.5902049932,
-1.4632843659176622,166.3472904882253,408830.4782747239,
-1.4601074088762138,166.104345449012,408828.3646181679,
-1.4569303909097784,165.86140047120065,408826.25040353485,
-1.453753312063168,165.6184555548632,408824.13563088275,
-1.4505761723788497,165.37551070008973,408822.0203002619,
-1.4473989612688636,165.1325658936277,408819.9055798212,
-1.4442216979353417,164.88962099923376,408817.78913194715,
-1.4410443760341345,164.64667632953166,408815.6721276758,
-1.4378669934865285,164.40373188976383,408813.55456561735,
-1.4346895503385768,164.16078734381296,408811.4364458161,
-1.4315120466339122,163.91784285985543,408809.3177683293,
-1.4283344718320201,163.67489842451238,408807.1997012071,
-1.425156847162536,163.4319540647283,408805.07990847365,
-1.4219791620792488,163.18900976715176,408802.9595581891,
-1.4188014166282283,162.94606553184568,408800.8386503914,
-1.415623610853121,162.7031213588892,408798.71718513634,
-1.4124457448023033,162.46017724836142,408796.5951624835,
-1.4092678058516799,162.21723302385809,408794.47374898184,
-1.4060898194005171,161.9742890383697,408792.3506116301,
-1.4029117728118063,161.73134511552306,408790.22691701783,
-1.3997336661339803,161.48840125539186,408788.102665189,
-1.3965554994095897,161.24545745804147,408785.97785617405,
-1.3933772621976706,161.00251370989074,408783.85365792614,
-1.3901989755381046,160.75957003831905,408781.72773471265,
-1.3870206289748506,160.5166264297447,408779.6012544622,
-1.3838422225551015,160.27368305234884,408777.4742172359,
-1.3806637563273212,160.03073956999756,408775.346623069,
-1.3774852303351734,159.78779615087586,408773.21847201657,
-1.374306634183987,159.54485278126066,408771.0909319239,
-1.3711279866829642,159.3019093258683,408768.9616657945,
-1.3679492816892327,159.05896609682233,408766.8318443547,
-1.3647705171201372,158.81602293128665,408764.70146620966,
-1.3615916930204746,158.57307982934523,408762.5705314272,
-1.3584128094375545,158.3301367910576,408760.4390400368,
-1.355233856025297,158.08719380258464,408758.30815979885,
-1.3520548536244898,157.84425089179732,408756.1755553255,
-1.3488757918808991,157.6013080449005,408754.0423944108,
-1.345696670839465,157.35836526194998,408751.9086770824,
-1.342517490549855,157.11542254301133,408749.77440337534,
-1.3393382407052112,156.8724798741515,408747.64074100205,
-1.336158939931675,156.62953712055133,408745.5053532742,
-1.3329795821794113,156.38659459409655,408743.3694107629,
-1.3298001653631808,156.14365230005416,408741.23291207757,
-1.3266206895314245,155.90070990229486,408739.0958572649,
-1.3234411547313607,155.65776756899518,408736.9582463838,
-1.320261550708454,155.41482528606656,408734.82124700904,
-1.3170818981133594,155.17188308188318,408732.6825241084,
-1.313902186694128,154.92894094236703,408730.54324527335,
-1.310722416487375,154.68599886759318,408728.40341053915,
-1.3075425875450122,154.4430568576466,408726.26301998075,
-1.3043626999143536,154.2001149125855,408724.12207362946,
-1.301182741257844,153.95717285531637,408721.9817375621,
-1.2980027363956832,153.7142310402377,408719.83967976016,
-1.2948226729845733,153.4712892902842,408717.69706632895,
-1.2916425510718617,153.2283476054975,408715.55389728723,
-1.2884623707011884,152.98540598597734,408713.41017270245,
-1.2852821217130186,152.74246441739646,408711.26705999725,
-1.2821018245798719,152.49952292858808,408709.1222244554,
-1.2789214691317647,152.25658167335217,408706.9768335087,
-1.2757410554136563,152.01364031554814,408704.8308871821,
-1.2725605834726768,151.77069902337337,408702.6843855665,
-1.2693800533585196,151.52775779689586,408700.5373286948,
-1.266199452821353,151.28481645877048,408698.3908824708,
-1.2630188065047583,151.04187536388346,408696.2427152237,
-1.2598381021497644,150.79893433488164,408694.0939928326,
-1.256657339809437,150.55599337187607,408691.94471539214,
-1.2534765195239552,150.3130524749274,408689.79488293856,
-1.2502956312335043,150.07011162950604,408687.64566275,
-1.2471146952124192,149.8271708648663,408685.4947203883,
-1.2439337013939165,149.58423016650067,408683.3432231645,
-1.2407526498194144,149.341289534475,408681.19117110106,
-1.2375715405372492,149.09834896888614,408679.0385642867,
-1.23439037359366,148.85540846976895,408676.885402722,
-1.2312091389749116,148.61246802250238,408674.73285363935,
-1.2280278547238883,148.3695274936707,408672.57858132274,
-1.2248465150863077,148.12658736255244,408670.42375586845,
-1.2216651179775022,147.88364713012325,408668.26837588876,
-1.2184836634388356,147.64070696455286,408666.1124414264,
-1.2153021515211502,147.39776686591148,408663.9559525289,
-1.2121205722594517,147.15482681940514,408661.8000762934,
-1.2089389457312696,146.91188685481873,408659.64247866534,
-1.2057572619612116,146.6689469573695,408657.48432673444,
-1.2025755210000364,146.42600712715094,408655.3256205769,
-1.199393722891513,146.18306736422142,408653.166360226,
-1.1962118577170557,145.9401276536946,408651.0077127123,
-1.1930299433316407,145.6971878626443,408648.8473426637,
-1.1898479740764039,145.4542483020066,408646.6864200202,
-1.1866659478629538,145.21130880895515,408644.524943383,
-1.1834838647349935,144.96836938356228,408642.36291280837,
-1.1803017247445982,144.7254300258984,408640.20032833435,
-1.1771195180170515,144.4824907209446,408638.0383568914,
-1.173937264444608,144.2395514989409,408635.8746647577,
-1.1707549541515814,143.9966125129784,408633.7104188779,
-1.1675725871746108,143.75367342693562,408631.54561929003,
-1.164390163570478,143.51073440899063,408629.3802660496,
-1.161207673506094,143.26779544402078,408627.2155260287,
-1.1580251346569488,143.02485639955523,408625.04906416725,
-1.154842541451277,142.78191758630413,408622.8820502525,
-1.1516598918004872,142.5389788414349,408620.71448288613,
-1.1484771857566192,142.2960401650297,408618.5463621186,
-1.1452944233622258,142.05310155715617,408616.37768800074,
-1.1421115948400211,141.81016300256582,408614.2096272865,
-1.1389287198982032,141.56722453194445,408612.0398465739,
-1.1357457887465723,141.32428613007244,408609.8695126603,
-1.1325628014336189,141.08134779702743,408607.69862559374,
-1.129379758005453,140.83840953288185,408605.5271854262,
-1.1261966585094743,140.5954713376898,408603.3551921737,
-1.123013491083108,140.35253303320442,408601.1838111001,
-1.1198302796025403,140.10959514424235,408599.01071186265,
-1.116647012192405,139.86665715637758,408596.83705972857,
-1.113463688902455,139.62371923776615,408594.6628547218,
-1.110280309783484,139.38078138849917,408592.4880969218,
-1.1070968651414328,139.13784359307226,408590.31395288813,
-1.1039133745050922,138.8949058826597,408588.1380895815,
-1.1007298281733942,138.65196824179537,408585.9616736156,
-1.0975462261996247,138.40903067054992,408583.7847050269,
-1.0943625686239353,138.1660931690066,408581.6071838785,
-1.0911788554983832,137.92315573723053,408579.42911022226,
-1.0879950771893279,137.68021835962142,408577.2516505463,
-1.0848112509742922,137.43728090467596,408575.072470524,
-1.0816273714852773,137.19434368262714,408572.89273960196,
-1.0784434366333502,136.9514065306284,408570.7124563516,
-1.0752594464645742,136.7084694487686,408568.5316208494,
-1.0720753913858068,136.4655324213443,408566.3513995045,
-1.0688912907346872,136.22259547994202,408564.1694595928,
-1.0657071349099025,135.97965877700148,408561.9869675704,
-1.062522923954005,135.73672197639098,408559.80392349215,
-1.059338657914414,135.4937852462598,408557.62032737373,
-1.0561543368443156,135.25084858670863,408555.43617929483,
-1.0529699512002786,135.007911981909,408553.2526455968,
-1.0497855180708753,134.7649753008003,408551.06739225757,
-1.0466010321882988,134.52203885337016,408548.8815885577,
-1.0434164914562056,134.27910247681564,408546.69523310225,
-1.0402318959255683,134.03616617117896,408544.5083259107,
-1.0370472361004979,133.79322992056848,408542.3220332781,
-1.0338625311215384,133.550293757017,408540.1340228045,
-1.0306777714836408,133.3073576646085,408537.94546075276,
-1.0274929572341012,133.06442164343463,408535.7563471893,
-1.0243080884226439,132.82148569355743,408533.56668215885,
-1.0211231650942298,132.5785498150544,408531.3764657129,
-1.0179381777992735,132.33561399187664,408529.1868640169,
-1.01475314345152,132.0926780934147,408526.9955434069,
-1.0115680568631882,131.84974259754225,408524.8036729884,
-1.0083829159448214,131.60680700524787,408522.61125138093,
-1.0051977207438987,131.36387148468145,408520.4182785804,
-1.0020124618571873,131.12093601969593,408518.2259207077,
-0.9988271582446917,130.87800064280228,408516.0318457184,
-0.9956418004892155,130.6350653378696,408513.83721972065,
-0.9924563886416878,130.39213010496235,408511.64204275893,
-0.9892709227494589,130.14919494416066,408509.44631488225,
-0.9860854028539138,129.9062598555369,408507.2500361519,
-0.9828998196100867,129.6633248227963,408505.0543725234,
-0.9797141897306819,129.42038971582343,408502.8569907271,
-0.9765285081317194,129.17745484413734,408500.6590596841,
-0.9733427727212437,128.93452004491817,408498.4605779822,
-0.9701569835466131,128.69158531824365,408496.26154567057,
-0.9669711312973577,128.4486506477151,408494.0631286492,
-0.9637852347457638,128.20571606632112,408491.86299525655,
-0.9605992845732934,127.9627817257779,408489.66231139813,
-0.957413280823728,127.71984728996637,408487.461077131,
-0.9542272235467756,127.47691292706813,408485.25929251773,
-0.9510411127886417,127.23397863714804,408483.0569575957,
-0.9478549392874782,126.99104440368194,408480.85523815657,
-0.9446687217183548,126.74811025991764,408478.65180275426,
-0.9414824486741415,126.50517602644791,408476.44781572884,
-0.9382961244706433,126.26224202913801,408474.2432800552,
-0.9351097470262747,126.01930810518775,408472.03819435934,
-0.9319233071173965,125.77637423796122,408469.83372431644,
-0.9287368233309995,125.53344046088375,408467.6275386289,
-0.9255502864399602,125.29050675737415,408465.4208030492,
-0.9223636964928486,125.04757312749462,408463.2135176213,
-0.9191770535370362,124.80463957132758,408461.00568240025,
-0.9159903576187239,124.5617060889463,408458.79729742854,
-0.9128035995698889,124.31877266359511,408456.58952832536,
-0.9096167978779851,124.07583932896664,408454.3800439909,
-0.9064299412271395,123.8329060735366,408452.17000858433,
-0.9032430339418064,123.58997288699535,408449.95942512905,
-0.9000560739308828,123.34703977458861,408447.74829216977,
-0.8968690520668301,123.10410671948071,408445.5377752482,
-0.8936819867537001,122.86117375557225,408443.32554345403,
-0.8904948688547601,122.61824086601845,408441.11276230443,
-0.8873077005548152,122.37530804571759,408438.899433368,
-0.8841204776275337,122.13237530511728,408436.68555370276,
-0.8809332022612908,121.88944263911506,408434.4711248661,
-0.8777458653736531,121.64651003071285,408432.2573122604,
-0.8745584852691526,121.4035775140618,408430.04178517294,
-0.8713710507278947,121.16064490932824,408427.82570758223,
-0.86818356606771,120.917712542365,408425.6090824934,
-0.8649960291995887,120.67478025035383,408423.39190848335,
-0.8618084310982125,120.43184801621278,408421.17535088083,
-0.858620789966955,120.18891587428959,408418.95707913087,
-0.8554330967758266,119.9459839756542,408416.7382586433,
-0.8522453515640434,119.70305198414935,408414.5188894082,
-0.8490575543836699,119.4601200679684,408412.2989715174,
-0.8458696962416006,119.21718820990975,408410.0796701958,
-0.842681795269657,118.97425644455666,408407.8586551006,
-0.8394938424701979,118.73132475473486,408405.6370914779,
-0.8363058357492251,118.48839297762615,408403.41497790755,
-0.8331177794344858,118.245461439094,408401.19231741456,
-0.8299296714320581,118.00252997631314,408398.9691085561,
-0.8267415028045055,117.75959857197644,408396.7465164767,
-0.8235532915805132,117.51666726091807,408394.52221105737,
-0.8203650288122813,117.27373602581947,408392.29735741066,
-0.8171767145448107,117.03080486676542,408390.07195560617,
-0.8139883488254861,116.7878737838358,408387.8460057081,
-0.8107999227633348,116.54494275961362,408385.620672762,
-0.8076114542966097,116.30201182912973,408383.39362680377,
-0.8044229345215059,116.05908097497294,408381.16603288724,
-0.8012343634866242,115.81615036532311,408378.9378910687,
-0.7980457390989422,115.57321950117012,408376.7091999201,
-0.7948570656831291,115.33028887647555,408374.4799624784,
-0.7916683322587666,115.08735831079953,408372.25134219707,
-0.7884795566610422,114.84442783941759,408370.02100930753,
-0.7852907300394506,114.60149744481168,408367.79012877983,
-0.7821018524437738,114.35856712706408,408365.558700679,
-0.7789129239155543,114.11563688623056,408363.3267250273,
-0.7757239356563738,113.8727067046845,408361.0953667231,
-0.7725349054204508,113.62977661791251,408358.8622961738,
-0.7693458243954734,113.38684660826924,408356.6286782244,
-0.7661566926371149,113.14391667584826,408354.3945129668,
-0.76296750804154,112.90098665781713,408352.159798927,
-0.75977826613562,112.65805686224434,408349.9257039158,
-0.756588982444951,112.41512716188852,408347.6898969758,
-0.753399648205912,112.1721975390451,408345.4535429266,
-0.750210263464783,111.92926799378041,408343.2166418037,
-0.7470208282653933,111.68633869427873,408340.9791936852,
-0.7438313426587609,111.44340930441138,408338.74119861727,
-0.7406417979344745,111.20047997438824,408336.50382124283,
-0.7374522116626437,110.95755074017447,408334.2647323882,
-0.7342625751270997,110.7146215839107,408332.02509673726,
-0.7310728883693662,110.47169250565798,408329.7849143325,
-0.7278831493043656,110.22876334261,408327.5441837211,
-0.7246933535390253,109.98583440257316,408325.304072502,
-0.7215035164193324,109.74290555881439,408323.06225015817,
-0.7183136292720014,109.49997679337241,408320.8198812739,
-0.7151236921456868,109.25704810630752,408318.5769658917,
-0.7119337050806821,109.01411949770889,408316.33350408653,
-0.7087436681327965,108.77119096764203,408314.08949588955,
-0.7055535726818019,108.5282624980063,408311.84610578703,
-0.7023634361090606,108.28533412521313,408309.60100497917,
-0.6991732497934168,108.04240583117074,408307.3553579511,
-0.6959830137811812,107.7994777840428,408305.10916473356,
-0.6927927259810603,107.55654948483351,408302.8624239107,
-0.6896023820990734,107.3136214092128,408300.6163028467,
-0.6864119972909867,107.07069343089977,408298.3684714355,
-0.6832215629761578,106.82776553169882,408296.12009405444,
-0.6800310792032069,106.58483771169702,408293.87117077777,
-0.6768405460184787,106.34190997094917,408291.62170162285,
-0.6736499548885959,106.09898229117421,408289.3728509309,
-0.6704593230307239,105.85605470916597,408287.1222902188,
-0.6672686419022432,105.6131272066519,408284.8711838253,
-0.6640779115554211,105.3701997836879,408282.61953177856,
-0.6608871320317733,105.12727244035862,408280.3673341473,
-0.6576963033823477,104.8843451767387,408278.1145909803,
-0.6545054149870522,104.64141781149632,408275.8624649469,
-0.6513144882354038,104.39849070748512,408273.6086308458,
-0.6481235124992595,104.15556368339362,408271.35425135464,
-0.6449324878272374,103.9126367393098,408269.09932656045,
-0.641741414265695,103.6697100433905,408266.84385647887,
-0.638550283377504,103.42678324091196,408264.5890052152,
-0.6353591121874287,103.18385653723617,408262.3324447316,
-0.6321678922550115,102.94092991385753,408260.075339147,
-0.628976623623014,102.69800337084499,408257.8176885007,
-0.6257853063377251,102.45507690827603,408255.55949285853,
-0.6225939320061413,102.21215050749207,408253.30191617785,
-0.6194025154304781,101.96922404309576,408251.0426291355,
-0.6162110524879096,101.72629782225907,408248.78279877483,
-0.613019541080898,101.48337168214286,408246.52242360084,
-0.6098279812616324,101.24044562284608,408244.26150370826,
-0.6066363730776662,100.99751964442105,408242.0000391173,
-0.6034447081833053,100.75459372810376,408239.7391937221,
-0.6002530034181304,100.51166791162842,408237.4766398982,
-0.5970612504307522,100.2687421762564,408235.21354155085,
-0.5938694492674874,100.02581652205723,408232.94989873393,
-0.590677599975853,99.78289094910426,408230.6857114991,
-0.5874856942578044,99.53996560660791,408228.4221436113,
-0.5842937467218373,99.29704003344732,408226.15686616296,
-0.5811017533406015,99.05411470465135,408223.89104597975,
-0.5779097120246158,98.81118945739118,408221.62468159024,
-0.5747176228166702,98.56826429173573,408219.35777303204,
-0.5715254774615229,98.32533918871339,408217.09148401394,
-0.5683332926249807,98.08241418648964,408214.8234873156,
-0.5651410600449762,97.8394892660856,408212.55494661076,
-0.5619487797642645,97.59656442758866,408210.2858619699,
-0.5587564518291664,97.35363967107433,408208.01623345295,
-0.5555640762967495,97.11071499659968,408205.7460610922,
-0.5523716449484456,96.86779038508539,408203.4765084882,
-0.549179172214547,96.62486571203148,408201.2052471052,
-0.5459866541595861,96.3819412841356,408198.9334435604,
-0.542794088695011,96.13901693859106,408196.661096422,
-0.5396014758636456,95.89609267545538,408194.38820570376,
-0.5364088075016633,95.65316864363382,408192.11593490763,
-0.5332161000897382,95.4102445455433,408189.84195722215,
-0.5300233454560083,95.16732053008144,408187.567436126,
-0.5268305436467751,94.92439659734478,408185.29237171065,
-0.5236376947120378,94.681472747372,408183.0167639684,
-0.5204447905272123,94.43854896089043,408180.74177633674,
-0.517251847488531,94.19562527669405,408178.4650821615,
-0.5140588574692773,93.95270167551392,408176.18784488423,
-0.5108658183676714,93.70977799451113,408173.91006298683,
-0.5076727345228637,93.46685455955162,408171.63173960114,
-0.5044796038366127,93.22393120781962,408169.3528732453,
-0.5012864182365194,92.98100791987704,408167.0746271815,
-0.4980931940205064,92.73808473479494,408164.7946750333,
-0.49489992310571107,92.49516163315079,408162.5141800759,
-0.4917066055420568,92.2522386150345,408160.233142381,
-0.48851324137591434,92.00931568050991,408157.9515619967,
-0.4853198225789654,91.76639281003071,408155.67060205643,
-0.4821263653598518,91.5234702109874,408153.3879364155,
-0.47893286168214744,91.28054752765185,408151.10472823563,
-0.4757393094521037,91.03762476531386,408148.8209760466,
-0.4725457130010563,90.79470224983223,408146.53668297926,
-0.4693520621986644,90.55177979865738,408144.2530105342,
-0.4661583731762756,90.30885745128226,408141.96763273864,
-0.46296463792837345,90.06593518808607,408139.68171268806,
-0.4597708565108532,89.82301300915422,408137.39525044657,
-0.4565770289689407,89.58009091454396,408135.1082460383,
-0.45338314735755436,89.33716888450417,408132.82186244,
-0.45018922771645536,89.09424695874006,408130.5337738739,
-0.44699526209607165,88.85132511752838,408128.24514331814,
-0.4438012505427827,88.60840336093628,408125.95597083477,
-0.4406071909650269,88.36548152613925,408123.6662549247,
-0.43741308768868453,88.1225599390027,408121.3759987306,
-0.4342189306816582,87.87963841676114,408119.0863635612,
-0.43102473588072676,87.63671699935607,408116.7950238549,
-0.42783049538959184,87.39379583503518,408114.5031424893,
-0.4246362092475163,87.15087458768122,408112.21071952686,
-0.4214418775128054,86.90795342546467,408109.9177550155,
-0.41824749232465225,86.66503232838868,408107.625411678,
-0.4150530695424813,86.42211133662882,408105.33136419486,
-0.4118586013068844,86.17919043023733,408103.03677534644,
-0.4086640876631178,85.93626960925978,408100.7416451469,
-0.40546952651580187,85.69334871089617,408098.4459721317,
-0.4022749143483265,85.45042804082985,408096.15092200704,
-0.3990802647760823,85.20750747655977,408093.85416811693,
-0.39588556999319346,84.96458699801596,408091.55687313125,
-0.3926908300401673,84.72166660525826,408089.25903707417,
-0.38949604496935114,84.47874629837409,408086.9606600241,
-0.38630121482481444,84.23582607742324,408084.661742007,
-0.38310633185251697,83.99290592221105,408082.36344557774,
-0.3799114117161912,83.74998587335142,408080.063445816,
-0.3767164466549075,83.50706607875277,408077.76290528616,
-0.3735214367115587,83.26414620228417,408075.4618240165,
-0.37032638193495093,83.02122641212583,408073.16020206775,
-0.36713127247183813,82.77830652507765,408070.8592003326,
-0.36393612818438176,82.53538690774221,408068.556497195,
-0.36074093920533673,82.29246737694189,408066.2532535617,
-0.35754570558830523,82.04954793273187,408063.94946945703,
-0.35435042737970973,81.80662857520318,408061.64514495904,
-0.35115509690287144,81.56370928393204,408059.3414423717,
-0.34795972966093786,81.32079009995779,408057.03603723587,
-0.34476431796915136,81.07787100288436,408054.73009187315,
-0.3415688618763679,80.83495199276904,408052.42360631033,
-0.3383733614313827,80.59203306970377,408050.1165806381,
-0.3351778090027064,80.34911421316156,408047.8101770643,
-0.33198221786205506,80.1061953014963,408045.50206975266,
-0.32878658465321675,79.86327663998904,408043.19342403754,
-0.32559090728514267,79.6203580658168,408040.8842384222,
-0.3223951858030949,79.37743974715735,408038.5745129734,
-0.31919941261841106,79.13452132717703,408036.26540977234,
-0.3160036030654194,78.89160301543602,408033.9546047713,
-0.3128077495390321,78.64868479133361,408031.6432601043,
-0.3096118520928691,78.40576665492745,408029.3313757983,
-0.3064159107733738,78.16284860631067,408027.01895194384,
-0.3032199256317898,77.91993064554534,408024.7059885778,
-0.3000238891231984,77.67701275187437,408022.3936476749,
-0.2968278143388211,77.43409480412687,408020.07960389147,
-0.2936316980166807,77.19117710733393,408017.765022296,
-0.2904355380607149,76.94825949869235,408015.4499014266,
-0.2872393345197866,76.70534197827364,408013.13424133067,
-0.2840430798989228,76.4624245252179,408010.81920388184,
-0.2808467893403681,76.21950718143893,408008.5024654642,
-0.27765045534225385,75.97658992609902,408006.1851879802,
-0.2744540779486866,75.73367275926948,408003.8673714842,
-0.27125765721328815,75.49075584913071,408001.54901604087,
-0.26806118567911885,75.24783883852585,407999.23128342617,
-0.26486467840523537,75.00492193765614,407996.91185021633,
-0.26166812578858556,74.76200496272743,407994.5918766897,
-0.2584715321612193,74.5190882395614,407992.27136598254,
-0.25527489542924203,74.27617160534872,407989.9503166016,
-0.2520782081844853,74.03325503902333,407987.62989020295,
-0.2488814853968306,73.79033858292524,407985.3077636268,
-0.24568471964882893,73.5474222160049,407982.9850985516,
-0.24248791099175024,73.30450593833399,407980.66189502017,
-0.23929105946615487,73.06158974998351,407978.33815309557,
-0.236094157710219,72.81867362979152,407976.015034335,
-0.23289722061183976,72.5757576202852,407973.69021576986,
-0.22970024079397794,72.33284170033927,407971.3648590012,
-0.22650321830316372,72.0899258700015,407969.0389640519,
-0.22330615104642443,71.84700996647042,407966.71252943436,
-0.22010904335754353,71.60409431559374,407964.3855583227,
-0.21691188577542098,71.36117890127392,407962.0592105635,
-0.2137146930886056,71.1182634301256,407959.7311634898,
-0.2105174579721272,70.8753480489763,407957.40257854183,
-0.20732018047134249,70.6324327578762,407955.07345574844,
-0.20412286063514398,70.38951755690694,407952.7437951832,
-0.2009254911929945,70.1466024246696,407950.41475816065,
-0.19772808684077703,69.90368740417284,407948.0840222013,
-0.19453064029987546,69.66077247403288,407945.7527486421,
-0.1913331516156447,69.41785763430947,407943.4209375234,
-0.18813561869488118,69.17494272221006,407941.08858735446,
-0.1849380385916593,68.93202804198856,407938.7568624656,
-0.18174042378017075,68.68911347397464,407936.42343902396,
-0.17854276701864172,68.44619899669084,407934.0894782742,
-0.17534506835600108,68.20328461020388,407931.7549802575,
-0.17214732784117717,67.96037031457587,407929.41994501965,
-0.1689495382832482,67.71745608821303,407927.08553367725,
-0.16575171421533558,67.47454197453301,407924.7494241859,
-0.16255384843965262,67.23162812003872,407922.41277764743,
-0.15935594100512168,66.98871418861945,407920.07559414365,
-0.15615799195831262,66.74580034842124,407917.73787368333,
-0.15295999200394766,66.50288641487181,407915.4007757496,
-0.1497619598838597,66.25997275736042,407913.0619816049,
-0.14656388630186803,66.01705919131402,407910.7226507199,
-0.14336577129860342,65.77414571679286,407908.38278312306,
-0.1401676149206211,65.53123233387394,407906.04237888014,
-0.13696941722400938,65.28831904263797,407903.70143806,
-0.13377117110671682,65.04540582124726,407901.36112152145,
-0.1305728909182523,64.80249271357619,407899.01910768857,
-0.1273745695520611,64.55957969780809,407896.6765574496,
-0.12417620705710461,64.31666677400536,407894.3334708405,
-0.12097780347758447,64.07375394226067,407891.989847939,
-0.1177793496211146,63.830841017728474,407889.64684791095,
-0.11458086403452054,63.587928370279556,407887.3021525657,
-0.11138233751381489,63.34501598320007,407884.95692109223,
-0.10818377010320589,63.1021035203552,407882.61115353386,
-0.10498516185522176,62.85919114992765,407880.26484996744,
-0.10178650575335751,62.6162788498748,407877.91917102825,
-0.09858781597491027,62.37336666449025,407875.5717955974,
-0.09538908550244343,62.13045457173999,407873.22388431564,
-0.09219031438730689,61.887542571699,407870.87543724163,
-0.08899150267253055,61.64463066445013,407868.5264544553,
-0.08579264339150193,61.40171882783004,407866.1780964597,
-0.08259375063127114,61.158807106355255,407863.8280423754,
-0.07939481527545304,60.915895314987125,407861.47745113546,
-0.07619584165761108,60.672983779595256,407859.12632599013,
-0.072996827688622,60.4300723373499,407856.77466538624,
-0.06979776643153937,60.18716096600963,407854.42362977134,
-0.06659867189745297,59.94424971027185,407852.0708984421,
-0.0633995371556216,59.70133854791578,407849.71763185534,
-0.06020036224909785,59.45842747900615,407847.36383005045,
-0.057001147226881765,59.21551667172072,407845.0094930968,
-0.05380188520548856,58.97260576748705,407842.6557812823,
-0.050602590111714196,58.72969497934609,407840.3003741655,
-0.04740325504211833,58.486784284953714,407837.9444320807,
-0.044203877912063136,58.24387352148216,407835.5879534675,
-0.041004463050904806,58.000963014797236,407833.23094159126,
-0.037805001475959596,57.75805257953674,407830.87455504,
-0.03460550702261555,57.51514226081822,407828.516473554,
-0.031405972840884346,57.27223203622229,407826.1578573911,
-0.028206398983348435,57.029321905827516,407823.7987066168,
-0.025006785493080916,56.78641186966583,407821.4390212282,
-0.02180712557328157,56.543501905208885,407819.0799613599,
-0.018607432975065105,56.30059205778153,407816.71920698305,
-0.015407700891189605,56.05768230483304,407814.3579182074,
-0.012207929370680517,55.81477264644141,407811.99609508296,
-0.00900811631796197,55.57186291979859,407809.63373609056,
-0.005808266067688242,55.32895345072575,407807.2708444289,
-0.002608369728097043,55.08604422177251,407804.9085785019,
0.000591559047712165,54.843134942310215,407802.54461853456,
0.003791527017363178,54.6002257577868,407800.18012453534,
0.006991534134187779,54.357316668255095,407797.81509653217,
0.010191580347963908,54.114407673785564,407795.4495345782,
0.013391672367886312,53.87149875158654,407793.0845984989,
0.016591796622725016,53.62858994746898,407790.7179688221,
0.019791959833315966,53.385681238637815,407788.3508053699,
0.02299216194347137,53.14277262517379,407785.9831082146,
0.026192405060897206,52.89986394427817,407783.6148758358,
0.02939269154808825,52.656955498778245,407781.24727106787,
0.03259301007358619,52.41404717184473,407778.8779731187,
0.035793367310752375,52.17113894055758,407776.50814167823,
0.03899376320813516,51.92823080502146,407774.1377768417,
0.04219419771786981,51.68532276527759,407771.7668786197,
0.045394677462499936,51.442414798346306,407769.396606649,
0.04859518904522377,51.19950711852073,407767.0246418652,
0.05179573909427102,50.95659936663998,407764.6521439128,
0.05499632756176918,50.71369171085314,407762.2791128212,
0.058196954401011955,50.47078415124116,407759.90554865263,
0.06139762618826727,50.227876664708305,407757.5326109133,
0.06459833176086471,49.98496913477183,407755.1579791709,
0.06779907341045262,49.742061864127805,407752.7828161508,
0.070999853236655,49.499154689953485,407750.407120284,
0.07420067118800347,49.25624761232831,407748.03089164663,
0.07740153380876184,49.01334060802469,407745.6552895734,
0.08060242786220953,48.7704337236915,407743.2779955381,
0.08380335989829153,48.527526936128766,407740.9001688966,
0.08700432986671701,48.284620245409855,407738.5218097192,
0.09020533772196802,48.04171365159519,407736.14291803876,
0.09340638995248791,47.79880713138829,407733.76465313643,
0.09660747342243935,47.555900731611445,407731.3846966487,
0.0998085967797015,47.312994266095785,407729.0042062686,
0.10300975567720926,47.07008822877037,407726.62318523234,
0.10621095221601472,46.82718212062659,407724.2416319958,
0.10941219285019506,46.58427608635259,407721.8607057133,
0.11261346451619167,46.34137017298201,407719.47808824916,
0.1158147736820886,46.098464357125806,407717.09493879427,
0.11901612029520331,45.85555863884693,407714.7112573675,
0.12221750430641184,45.612653018228116,407712.32704406464,
0.12541893212353386,45.36974747171516,407709.94345783134,
0.1286203907766927,45.12684204660289,407707.5581808801,
0.13182188668294884,44.883936719368364,407705.17237221147,
0.13502342193767555,44.641031327206235,407702.78603028937,
0.13822499220158713,44.3981261959311,407700.3991583341,
0.14142660599258183,44.155221139055186,407698.0129136773,
0.14462825040950394,43.91231620404645,407695.62497869966,
0.14782993183862184,43.66941136726797,407693.2365122813,
0.15103165022840254,43.42650662882332,407690.84751451545,
0.15423340553089265,43.18360198877002,407688.4579854377,
0.15743520407090994,42.94069759145927,407686.0690838068,
0.16063703304452526,42.69779314838817,407683.6784922684,
0.1638388987810325,42.45488880393074,407681.28736959817,
0.16704080123484252,42.211984558170144,407678.89571586833,
0.17024274250395968,41.969080248286645,407676.50352951506,
0.17344472457740903,41.7261761762027,407674.11197240296,
0.1766467368813607,41.483272226926914,407671.7187257914,
0.17984878570837093,41.24036837663033,407669.32494833675,
0.18305087100689355,40.99746462538937,407666.9306401067,
0.18625299273250365,40.75456097329669,407664.53580118355,
0.18945515712228098,40.51165739637645,407662.14159005845,
0.1926573515417824,40.268753942735856,407659.7456898391,
0.1958595822396742,40.02585058845747,407657.3492591008,
0.19906184916799016,39.782947333594564,407654.95229786733,
0.20226415227514583,39.54004417824558,407652.5548062385,
0.20546649776387022,39.297141098343445,407650.1579425897,
0.20866887522773267,39.05423814740692,407647.75938865106,
0.2118712865778472,38.811335290984914,407645.36030610185,
0.21507373391365178,38.568432534354685,407642.9606933657,
0.21827621718595455,38.325529877597546,407640.5605505083,
0.22147874255122152,38.08262729655303,407638.1610358175,
0.22468129754563926,37.83972483974131,407635.7598328806,
0.2278838883277862,37.59682248301314,407633.35809998587,
0.2310865148520147,37.353920226460986,407630.95583723043,
0.2342891770715065,37.111018070154614,407628.5530446578,
0.2374918810965166,36.86811598981586,407626.15088040393,
0.24069461454731853,36.62521403418441,407623.74702833185,
0.24389738568872604,36.38231201614036,407621.3426450091,
0.24710019018087706,36.139410261508004,407618.9377337072,
0.25030303012462535,35.896508607489324,407616.5322928963,
0.2535059115875515,35.653607029712646,407614.12748059235,
0.2567088222728527,35.410705577117454,407611.7209808846,
0.2599117682621003,35.16780422534677,407609.3139518292,
0.2631147495024891,34.92490314258842,407606.9063935056,
0.26631776594838213,34.68200199270839,407604.4983059442,
0.2695208236258731,34.4391009193412,407602.0908470833,
0.27272391032582266,34.196199971623344,407599.681701236,
0.2759270320859548,33.95329912510812,407597.27202634356,
0.2791301909990807,33.71039821699043,407594.86182084953,
0.2823333827259336,33.467497573102634,407592.45108805393,
0.2855366154003376,33.22459700599171,407590.04098413046,
0.28873987689363856,32.98169656500784,407587.62919364497,
0.2919431732021141,32.738796225589,407585.2168744094,
0.2951465042741292,32.495895987816624,407582.804026484,
0.2983498700592336,32.25299585176299,407580.39064994943,
0.30155327650658376,32.01009579275899,407577.9779024602,
0.3047567115704051,31.767195860346447,407575.5634688265,
0.30796018120193636,31.52429602987783,407573.1485067579,
0.31116368535429145,31.281396301427577,407570.73301630805,
0.31436722612410556,31.03849651219508,407568.31699592405,
0.31757080511898084,30.795597131244648,407565.9016063854,
0.32077441253022326,30.552697709258155,407563.4845311164,
0.3239780542640297,30.309798389586547,407561.06692771584,
0.32718173027351105,30.066899172306762,407558.64879623515,
0.3303854405105804,29.824000057485165,407556.2301367451,
0.33358919083555993,29.581101020237043,407553.81210664555,
0.33679296936717645,29.33820211053566,407551.3923912659,
0.339996781980929,29.09530330351228,407548.9721480374,
0.34320062862156825,28.852404599250008,407546.5513770441,
0.34640450924457333,28.609505997815205,407544.1300783318,
0.3496084296700244,28.366607474216778,407541.709409187,
0.3528123802492306,28.123708915771232,407539.2870535748,
0.3560163625155777,27.8808106232417,407536.86417203705,
0.3592203785694676,27.637912433855178,407534.44076304813,
0.36242442835569755,27.39501434765438,407532.0168266213,
0.36562851765645027,27.152116339561132,407529.5935199549,
0.36883263476086836,26.90921862806519,407527.1685288674,
0.37203678545445396,26.666320851890987,407524.7430105394,
0.3752409696914433,26.423423179218815,407522.3169650586,
0.3784451874189839,26.1805256101095,407519.89039245143,
0.38164944437071496,25.937628119365286,407517.464449767,
0.3848537289233075,25.69473075761175,407515.036823119,
0.3880580489685762,25.45183333675456,407512.60866787145,
0.3912624001606012,25.208936182657737,407510.17998742964,
0.39446678459776313,24.966039132490266,407507.75078016275,
0.3976712079734747,24.723142160955973,407505.32220299344,
0.4008756587472406,24.48024531886611,407502.89194225485,
0.4040801426216861,24.23734858094417,407500.46115491085,
0.4072846595439122,23.994451947260046,407498.0298410089,
0.4104892094657947,23.751555417885015,407495.59800059,
0.41369379803931916,23.50865896740973,407493.16679045884,
0.4168984138091679,23.26576264685562,407490.73389719595,
0.42010306243061735,23.02286643083619,407488.3004776236,
0.4233077460034637,22.77997032464478,407485.8665301609,
0.4265124601860409,22.537074317918467,407483.43205813883,
0.42971721272858915,22.29417839033809,407480.9982165481,
0.43292199226325856,22.051282593169702,407478.5626922842,
0.43612680440512847,21.80838690090627,407476.1266420152,
0.43933164910605255,21.56549131361325,407473.69006578,
0.44253652631663337,21.322595831377043,407471.25296366954,
0.4457414416037623,21.079700428560187,407468.8164921602,
0.44894638367635264,20.836805156629453,407466.3783384292,
0.45215135810932156,20.593909989969575,407463.93965898675,
0.45535636485924674,20.351014928652546,407461.50045389077,
0.45856140601900997,20.108119809894674,407459.0607215944,
0.4617664828152857,19.865224933684516,407456.6216217022,
0.4649715861974774,19.62233018883296,407454.1808400141,
0.468176721697878,19.379435549633058,407451.73953294044,
0.4713818892623589,19.13654101614972,407449.2977005247,
0.474587088843937,18.89364675654059,407446.8553428093,
0.4777923259254288,18.650752408808415,407444.4136160951,
0.48099758938608345,18.407858192898203,407441.97020800144,
0.4842028847191737,18.164964083005174,407439.52627482516,
0.4874082118717537,17.92207007919467,407437.0818166031,
0.4906135707979589,17.679176181551213,407434.63683341997,
0.4938189669285876,17.4362823641315,407432.1924813986,
0.4970243913896159,17.193388516134434,407429.7464467887,
0.5002298453239454,16.95049493739748,407427.2998890381,
0.5034353308330646,16.70760146512245,407424.8528065711,
0.5066408478675715,16.464708099378157,407422.40519944037,
0.5098464018240202,16.221814814127526,407419.95822364325,
0.5130519817517896,15.978921661652919,407417.50956735935,
0.5162575930590396,15.736028615937698,407415.0603866076,
0.5194632356951793,15.493135677044876,407412.61068142665,
0.5226689096083841,15.250242845053265,407410.16045188985,
0.5258746201550233,15.007350093824925,407407.7108538718,
0.5290803564707454,14.764457643944809,407405.2595758068,
0.5322861260652666,14.521564970217412,407402.8077719178,
0.5354919245926246,14.278672566570066,407400.3554455911,
0.5386977541558094,14.035780270191225,407397.9025952074,
0.5419036200603324,13.79288805482804,407395.45037649653,
0.5451095115304092,13.549995973202499,407392.9964781993,
0.5483154338844071,13.307103999061582,407390.5420560204,
0.5515213870739728,13.064212132509425,407388.08711008204,
0.5547273710509127,12.821320373591732,407385.631640394,
0.5579333910805638,12.57842869595936,407383.1768025633,
0.5611394364722141,12.335537152532908,407380.72028557287,
0.5643455124992466,12.092645716974403,407378.2632450364,
0.5675516212660785,11.849754226487704,407375.8056793754,
0.5707577584238124,11.606863006888318,407373.3475919408,
0.5739639313455761,11.363971868841872,407370.8901365418,
0.5771701294233063,11.121080865472976,407368.4310024232,
0.580376357893791,10.878189970344806,407365.97134508,
0.5835826167051841,10.635299351626145,407363.511164555,
0.5867889058080183,10.392408673184804,407361.05046090484,
0.5899952303884636,10.149518076578715,407358.5903895036,
0.5932015799211866,9.906627615120073,407356.1286398034,
0.5964079595992103,9.6637372622707,407353.66636718775,
0.5996143693670836,9.420847018109754,407351.2035717233,
0.6028208165331811,9.17795669310297,407348.7414069458,
0.606027286336198,8.93506666650373,407346.2775659155,
0.6092337860877087,8.692176748814063,407343.81320221367,
0.61244031573464,8.449286940101217,407341.34831589967,
0.6156468752298593,8.206397240442044,407338.88290703634,
0.6188534696790341,7.963507623083217,407336.4181307097,
0.6220600887118599,7.7206181417364235,407333.9516769226,
0.625266737443238,7.477728769663344,407331.4847007644,
0.6284734158260249,7.234839506935543,407329.01720230427,
0.6316801238118427,6.991950353645137,407326.54918162886,
0.6348868664603322,6.749061451011784,407324.0817936602,
0.6380936334861648,6.506172516764394,407321.61272866075,
0.6413004321150246,6.26328352929275,407319.1431399631,
0.6445072579978699,6.020394814422588,407316.6730309513,
0.6477141132325372,5.777506209345546,407314.2024000187,
0.6509210028420896,5.53461768709397,407311.73240196484,
0.6541279166249422,5.291729301806555,407309.2607273456,
0.6573348596145537,5.048841026535882,407306.78853098635,
0.6605418317577711,4.805952861360652,407304.3158129686,
0.6637488330050764,4.563064806348734,407301.8425733339,
0.6669558683417655,4.320176834441668,407299.3699667775,
0.6701629276452783,4.0772889999660435,407296.8956840968,
0.6733700159053466,3.8344012758861368,407294.42088001024,
0.676577135222517,3.591513499391766,407291.9455528882,
0.6797842812458967,3.348625996308442,407289.46970614913,
0.6829914610695472,3.1057385765993786,407286.99449266255,
0.6861986646534664,2.862851294792449,407284.51760349947,
0.6894058969449066,2.619964291846287,407282.04019323626,
0.6926131579002371,2.3770772316381965,407279.5622619439,
0.695820447460389,2.1341902823360783,407277.0838096548,
0.6990277705316577,1.891303416662879,407274.60599079053,
0.7022351171588527,1.6484166893942813,407272.1264967444,
0.7054424922456879,1.4055300732441651,407269.6464818868,
0.7086498957437044,1.1626435683019736,407267.165946311,
0.711857329756033,0.9197570117731289,407264.68488841725,
0.7150647948339831,0.6768707020049192,407262.2044657766,
0.7182722832635451,0.4339845311113777,407259.72236839135,
0.7214797999035157,0.19109847171799288,407257.2397505326,
0.724687344710236,-0.05178747610321466,407254.7566122615,
0.7278949225000025,-0.29467333980880994,407252.27410773723,
0.7311025234785783,-0.5375590642707948,407249.7899288263,
0.7343101524667202,-0.7804446769309266,407247.3052296951,
0.7375178094231449,-1.0233301777196004,407244.82001040556,
0.7407254942922549,-1.2662155665602768,407242.33427103196,
0.7439332118610317,-1.5091007029280092,407239.84916557075,
0.7471409545564244,-1.7519860305308157,407237.36238451756,
0.7503487228673726,-1.9948710830948073,407234.87508523645,
0.7535565188984773,-2.23775602342414,407232.3872661039,
0.7567643425940863,-2.480640851425676,407229.8989272106,
0.7599721986951715,-2.723525594787077,407227.4112224103,
0.7631800775688667,-2.96641019795058,407224.9218441298,
0.7663879839604857,-3.2092946885606466,407222.4319462927,
0.7695959178216721,-3.4521790665704657,407219.941528913,
0.7728038791003132,-3.6950633318784583,407217.4505920896,
0.7760118724925652,-3.9379475122804593,407214.96028953465,
0.7792198884503403,-4.180831552002218,407212.4683139824,
0.7824279316802004,-4.423715478811459,407209.975819161,
0.7856360042798817,-4.6665994555005454,407207.4828034629,
0.7888441019001685,-4.909483156270653,407204.9892702937,
0.7920522313421017,-5.152366771850893,407202.4963715852,
0.7952603831448459,-5.395250078185882,407200.0018003262,
0.7984685619689239,-5.638133439335348,407197.5067101185,
0.8016767677622401,-5.881016687118375,407195.0111010448,
0.8048850004775372,-6.123899821474254,407192.5149731449,
0.8080932647296445,-6.36678287038626,407190.0194798735,
0.8113015511317897,-6.6096657776705,407187.522314511,
0.8145098643044533,-6.852548571301554,407185.02463051723,
0.8177182041990679,-7.095431251188842,407182.5264279889,
0.8209265729220732,-7.338313980145472,407180.02770527184,
0.824134970732591,-7.581196460526257,407177.52961904096,
0.8273433904894102,-7.824078798798695,407175.02986119123,
0.83055183677185,-8.06696102305176,407172.52958501305,
0.8337603095229426,-8.309843133193226,407170.0287906223,
0.8369688132855518,-8.552725157413079,407167.5286311756,
0.840177338830041,-8.795607039152344,407165.02680046234,
0.84338589069766,-9.03848880656372,407162.5244517001,
0.846594468837479,-9.281370459575527,407160.0215849627,
0.8498030732069011,-9.524251830007614,407157.5182003247,
0.8530117082873234,-9.76713328235499,407155.0154507977,
0.8562203670961438,-10.010014754606118,407152.51102879725,
0.8594290498278707,-10.252895949294981,407150.00609075354,
0.8626377585855698,-10.495777029221358,407147.5006350314,
0.865846493318196,-10.738657994281738,407144.99466174503,
0.869055258476666,-10.98153887288754,407142.48932377016,
0.872264045000887,-11.224419608067393,407139.9823154442,
0.8754728573508619,-11.467300228177237,407137.4747897159,
0.8786816954780292,-11.710180733144682,407134.9667466448,
0.8818905593301801,-11.953061122884122,407132.45818632835,
0.8850994533147086,-12.195941425906796,407129.9502614782,
0.8883083684608784,-12.43882158501367,407127.44066677435,
0.8915173113359027,-12.681701791540092,407124.9305533047,
0.8947262775826831,-12.924581719700058,407122.4199244898,
0.8979352693067845,-13.167461532256766,407119.90877876035,
0.901144290875658,-13.410341257828719,407117.39826866216,
0.9043533333925067,-13.653220670909093,407114.88608918106,
0.9075624012374334,-13.896100136282683,407112.37339293974,
0.9107714943594302,-14.138979485763087,407109.8601800105,
0.9139806170914203,-14.381858748037502,407107.34760289657,
0.9171897606078199,-14.624737865539089,407104.8333567609,
0.9203989292507682,-14.867616866939045,407102.3185941132,
0.9236081229704067,-15.110495752150086,407099.80331504514,
0.9268173417181629,-15.353374521104456,407097.2875196071,
0.9300265919368111,-15.596253365445506,407094.77235847525,
0.9332358605762424,-15.839131901677831,407092.2555304708,
0.9364451540955018,-16.082010321419375,407089.73818631633,
0.9396544724425013,-16.324888624620797,407087.2203260266,
0.9428638155661216,-16.567766811180917,407084.70194971445,
0.946073187713479,-16.810644910011206,407082.1842095483,
0.9492825802341675,-17.05352286310554,407079.6648013193,
0.9524919973784584,-17.296400699348936,407077.14487725135,
0.9557014391001473,-17.539278250571158,407074.62443738634,
0.9589109053505473,-17.782155852887797,407072.10348181153,
0.9621204003319795,-18.02503336719522,407069.5831625747,
0.9653299176289374,-18.267910898169532,407067.0611740339,
0.9685394571501144,-18.510788149042526,407064.5386716939,
0.9717490209983628,-18.753665282632056,407062.0156538576,
0.974958609121281,-18.996542298836488,407059.4921206588,
0.9781682256872811,-19.239419226768717,407056.9692239714,
0.9813778622057153,-19.48229600802395,407054.4446601546,
0.9845875228541299,-19.725172671688227,407051.91958112986,
0.9877972075765794,-19.968049217665055,407049.39398700563,
0.9910069205048285,-20.21092567516922,407046.8690295124,
0.9942166532227322,-20.453801985607868,407044.34240528475,
0.9974264098663577,-20.696678178154514,407041.8152661153,
1.0006361925350848,-20.93955441559089,407039.28761038993,
1.0038459968781166,-21.182430372122838,407036.7594415569,
1.0070558291375749,-21.425306239897054,407034.2319095647,
1.0102656809736694,-21.668181792038723,407031.7027112983,
1.0134755564896538,-21.911057394011095,407029.1729984204,
1.0166854556272658,-22.15393287764266,407026.64277100406,
1.0198953783425748,-22.396808242859862,407024.1120291146,
1.0231053286765543,-22.639683519042393,407021.581924263,
1.0263152983836623,-22.882558647231235,407019.05015357764,
1.029525291515125,-23.12543365676777,407016.51786863856,
1.032735308017531,-23.3683085475935,407013.9850694852,
1.035945350001306,-23.611183482491924,407011.4517544825,
1.0391554171624258,-23.854058165243032,407008.9190783689,
1.0423655034821393,-24.096932699500684,407006.3847369393,
1.0455756129778453,-24.33980711474223,407003.8498815807,
1.04878574559503,-24.582681410919776,407001.3145122866,
1.051995905307354,-24.825555617565783,406998.77978039545,
1.055206084015362,-25.06842967535715,406996.2433835301,
1.058416285697259,-25.31130361382975,406993.70647299686,
1.0616265102983988,-25.55417743292287,406991.1690488403,
1.0648367577772109,-25.797050964465427,406988.63111111784,
1.0680470320545663,-26.039924574328637,406986.0938109269,
1.0712573251177013,-26.282798034841875,406983.554846274,
1.0744676430573807,-26.525671538536358,406981.0153665648,
1.0776779815142543,-26.768544759615736,406978.47537526785,
1.0808883425918772,-27.011417860868335,406975.93487073865,
1.0840987301807707,-27.25429087207047,406973.3950039279,
1.0873091363467364,-27.497163733454215,406970.85347312904,
1.0905195649811767,-27.740036474787104,406968.31142929767,
1.0937300160352847,-27.982909095992255,406965.7688725084,
1.096940489459063,-28.225781596987986,406963.2258028386,
1.1001509891009105,-28.46865400768246,406960.6833710337,
1.1033615071097622,-28.711526268071452,406958.1392757441,
1.1065720473360294,-28.954398408041698,406955.59466774436,
1.109782611885857,-29.19727059035725,406953.0495454316,
1.1129932002645584,-29.440142519307898,406950.50506282545,
1.116203806839815,-29.68301412947372,406947.95891711797,
1.119414435432414,-29.925885786999544,406945.4122590029,
1.122625085997294,-30.16875732374561,406942.8650884859,
1.1258357584771275,-30.41162873961244,406940.3174056943,
1.1290464566438148,-30.65450006469166,406937.77036109247,
1.1322571728016186,-30.897371238603,406935.22165388433,
1.1354679107232113,-31.140242291416172,406932.6724345788,
1.1386786703621745,-31.383113223064726,406930.12270323397,
1.1418894516685176,-31.62598403347593,406927.5724599068,
1.1451002605223053,-31.868854915681055,406925.0228532668,
1.1483110849993068,-32.11172548339513,406922.4715861864,
1.151521930991079,-32.35459592962724,406919.91980737017,
1.1547327984489666,-32.597466254328424,406917.36751682125,
1.1579436873227675,-32.840336457406494,406914.8147146614,
1.1611546012963447,-33.083206569163394,406912.262551055,
1.1643655328357068,-33.326076528811086,406909.7087257876,
1.1675764856408257,-33.56894636660033,406907.1543891153,
1.1707874596582508,-33.81181591439159,406904.59954104794,
1.1739984585397485,-34.05468553873882,406902.0453316995,
1.1772094748234494,-34.297555010589605,406899.4894610779,
1.180420514318888,-34.54042452315292,406896.93307758425,
1.1836315726753737,-34.783293750641946,406894.37618471874,
1.1868426519902775,-35.026162855858786,406891.8187807909,
1.1900537558767423,-35.269031869263614,406889.26201575994,
1.1932648769536374,-35.511900729690495,406886.7035899586,
1.196476018838626,-35.75476946760719,406884.14465332543,
1.1996871814851708,-35.997638082931985,406881.58520594204,
1.2028983648373488,-36.2405065756069,406879.0252478297,
1.2061095724660507,-36.483374976196245,406876.46592881513,
1.2093207970782305,-36.72624322334636,406873.9049494832,
1.2125320422444419,-36.969111347607935,406871.3434596677,
1.2157433079193845,-37.21197934890827,406868.781459427,
1.2189545997840125,-37.45484742077508,406866.220096681,
1.2221659063110806,-37.69771500786513,406863.6570757382,
1.2253772331929316,-37.94058263985997,406861.0935445873,
1.228588580377109,-38.183450148593096,406858.5295032794,
1.231799947817155,-38.42631753400613,406855.9649518578,
1.2350113390028385,-38.66918482685486,406853.40103984374,
1.238222746791403,-38.91205196540514,406850.83546840353,
1.2414341746817579,-39.154918980389084,406848.26938709157,
1.2446456226214329,-39.39778587174098,406845.7027959577,
1.2478570905627135,-39.640652639393096,406843.1356950594,
1.2510685819592788,-39.88351931422406,406840.56923372776,
1.2542800918969395,-40.12638599711639,406838.0011117693,
1.2574916195306705,-40.36925239323793,406835.4324819572,
1.2607031669641522,-40.612118665344184,406832.8633426781,
1.2639147341461332,-40.85498481337896,406830.293693969,
1.2671263244845308,-41.097850868321814,406827.7246850092,
1.2703379310025997,-41.34071676799334,406825.15401764406,
1.2735495571175166,-41.58358254337233,406822.5828410442,
1.2767612027790005,-41.82644802626845,406820.0111553128,
1.2799728713609753,-42.069313583972104,406817.44010944164,
1.2831845559560786,-42.312178986015255,406814.86740557564,
1.2863962599425576,-42.55504426346559,406812.2941927502,
1.2896079854244717,-42.79790957908756,406809.7204693286,
1.2928197280490321,-43.04077460711153,406807.146238822,
1.2960314932998551,-43.283639541574956,406804.57264835713,
1.2992432743502575,-43.52650431990145,406801.9974003876,
1.3024550745397825,-43.76936897324626,406799.4216438304,
1.3056668938207736,-44.01223350155388,406796.84537871083,
1.30887873213817,-44.25509790474044,406794.2686051181,
1.312090592791074,-44.497962214095935,406791.6924717589,
1.3153024690323054,-44.74082636684048,406789.11468138185,
1.318514364158067,-44.983690394232696,406786.5363827522,
1.3217262781193955,-45.2265542962044,406783.95757591946,
1.3249382163347307,-45.46941826699123,406781.3794077163,
1.3281501678110086,-45.71228191792471,406778.79958464945,
1.3313621379734442,-45.955145275125005,406776.2192535621,
1.3345741267716529,-46.19800867469124,406773.6384145685,
1.3377861341519584,-46.440871948476996,406771.05706769583,
1.340998163332304,-46.68373512794,406768.4763613932,
1.344210207718061,-46.926598149936694,406765.8939989599,
1.3474222705363472,-47.169461045922446,406763.31112886145,
1.3506343517344137,-47.41232381580414,406760.7277511995,
1.3538464512598063,-47.65518645953068,406758.1438659882,
1.3570585722954562,-47.898049008668664,406755.5606215356,
1.360270708322542,-48.14091139985814,406752.97572145954,
1.363482864682307,-48.383773827514176,406750.39031232503,
1.3666950370144813,-48.626635965855826,406747.8043976703,
1.369907230613342,-48.86949800938413,406745.2191239236,
1.3731194390403632,-49.11235989460155,406742.6321949316,
1.3763316654402598,-49.35522165311727,406740.04475892277,
1.3795439097629083,-49.59808328487679,406737.4568159193,
1.3827561719591488,-49.84094462170137,406734.86836600804,
1.3859684551275318,-50.083806031560954,406732.2805571524,
1.3891807529073887,-50.32666728260537,406729.6910935986,
1.392393068408778,-50.569528406589825,406727.10112333857,
1.3956054015789945,-50.81238940343724,406724.51064644806,
1.3988177545231393,-51.05525043592971,406721.9196612388,
1.4020301259904933,-51.29811121023391,406719.3293190201,
1.4052425118587704,-51.54097182526138,406716.73732257594,
1.408454915189804,-51.783832312840616,406714.14481979,
1.4116673359381746,-52.02669267291995,406711.55181069527,
1.4148797771296489,-52.269552937440665,406708.9594430091,
1.418092232545338,-52.51241304230217,406706.36542149977,
1.4213047052273087,-52.75527301942631,406703.7708939091,
1.4245171951193074,-52.99813286874769,406701.1758602925,
1.4277297021745503,-53.240992590188114,406698.58032072586,
1.430942229372051,-53.483852215800994,406695.98542274424,
1.4341547727422352,-53.7267118441342,406693.38886969007,
1.4373673309664612,-53.96957101339774,406690.791812667,
1.440579906147867,-54.21243022258673,406688.19424994197,
1.4437924982336232,-54.4552893035239,406685.5961816094,
1.4470051101702395,-54.6981482883686,406682.99875504227,
1.4502177359104407,-54.94100711259145,406680.39967567177,
1.453430378401456,-55.1838658083297,406677.80009091395,
1.4566430376013595,-55.426724375519825,406675.20000081364,
1.4598557164094148,-55.669582846402164,406672.6005526201,
1.4630684088501742,-55.91244115629368,406669.9994520005,
1.4662811178413662,-56.15529933739677,406667.3978462882,
1.469493845485203,-56.39815755249754,406664.7957337656,
1.4727065874240104,-56.64101547582305,406662.193118002,
1.4759193486770568,-56.8838733025743,406659.59114432184,
1.4791321233503723,-57.126730967848175,406656.9875187508,
1.4823449143175536,-57.36958850397457,406654.38338838523,
1.4855577215316726,-57.61244591087234,406651.7787533236,
1.4887705478207125,-57.855303220972246,406649.1747605019,
1.4919833873601922,-58.09816020112618,406646.5691161689,
1.4951962429881782,-58.34101721992056,406643.96296735504,
1.4984091146627034,-58.58387410919198,406641.35631410073,
1.5016220023225157,-58.826730868855435,406638.74915650004,
1.5048349087622244,-59.069587531484444,406636.142641258,
1.5080478303948184,-59.312444194606826,406633.5344733262,
1.5112607657075166,-59.55530056506262,406630.92580298055,
1.5144737168038604,-59.79815680561862,406628.3166285414,
1.5176866836369711,-60.04101291620722,406625.7069500817,
1.5208996689519227,-60.28386892945613,406623.0979142412,
1.5241126670885532,-60.52672477989594,406620.4872279197,
1.52732568080702,-60.76958050013988,406617.87603778497,
1.5305387100544876,-61.012436090113084,406615.26434390433,
1.533751757549207,-61.25529158254386,406612.6532927657,
1.536964817694105,-61.498146911769254,406610.0405915888,
1.5401778932190164,-61.74100211050242,406607.4273868678,
1.5433909862182684,-61.98385717342239,406604.8136769216,
1.5466040923409967,-62.226712110940866,406602.19946534105,
1.5498172164119313,-62.469566950655064,406599.5858966728,
1.5530303529190468,-62.71242162668571,406596.9706784746,
1.556243504548991,-62.95527617185337,406594.35495708237,
1.5594566712464417,-63.19813058607366,406591.7387325778,
1.5626698529633474,-63.44098486928121,406589.1220050186,
1.5658830523328926,-63.683839054413994,406586.5059205463,
1.569096263925517,-63.92669307536838,406583.8881871008,
1.5723094903814485,-64.16954696510106,406581.26995077304,
1.5755227316535387,-64.4124007235119,406578.6512116877,
1.5787359924920614,-64.65525454647303,406576.03311409516,
1.5819492632300247,-64.89810804205385,406573.41336963506,
1.5851625486265724,-65.14096140608484,406570.7931226384,
1.588375848632538,-65.38381463850925,406568.17237313226,
1.5915891631961068,-65.6266677392419,406565.55112121056,
1.5948024948780681,-65.86952074141342,406562.9305127147,
1.598015838396164,-66.11237341046768,406560.3082561286,
1.601229196317837,-66.35522611570028,406557.68549734197,
1.6044425685938486,-66.59807868895274,406555.0622363941,
1.6076559577472418,-66.84093116342297,406552.4396190305,
1.6108693585662295,-67.08378347249487,406549.815353983,
1.6140827757417047,-67.32663581220149,406547.1905852332,
1.617296204909258,-67.56948785676107,406544.5653164234,
1.6205096481712595,-67.81233976897263,406541.9395457881,
1.6237231080160088,-68.05519158213974,406539.31441889994,
1.6269365793105663,-68.29804322942368,406536.687644864,
1.6301500645512046,-68.54089474411208,406534.0603692668,
1.6333635636827748,-68.78374612615269,406531.43259212904,
1.6365770766544636,-69.02659737544676,406528.8043135741,
1.639790605906997,-69.26944852543554,406526.1766789353,
1.6430041463994904,-69.51229950906057,406523.547397667,
1.6462177005756387,-69.75515035972438,406520.91761516995,
1.6494312683884966,-69.99800107736374,406518.28733149776,
1.652644854396333,-70.24085169021296,406515.6576901541,
1.6558584493155646,-70.48370214157043,406513.0264043524,
1.6590720577184035,-70.72655245967195,406510.3946176046,
1.6622856795506424,-70.96940264443623,406507.76232998125,
1.6654993147605095,-71.21225269579804,406505.1295415445,
1.6687129657151207,-71.4551026473674,406502.49739735003,
1.671926627521482,-71.6979524316962,406499.86360750376,
1.6751403025549525,-71.9408020824118,406497.2293170124,
1.678353990757435,-72.18365159941501,406494.5945260171,
1.6815676944657725,-72.42650101640908,406491.96037940896,
1.6847814088538786,-72.66935026579853,406489.3245875207,
1.6879951384135357,-72.91219954408294,406486.68829359504,
1.691208878788965,-73.15504852553886,406484.0515011399,
1.694422632080118,-73.39789737290536,406481.41420854186,
1.697636400576075,-73.64074611999581,406478.7775605063,
1.700850179537898,-73.88359469899802,406476.1392677306,
1.704063971259901,-74.12644297559078,406473.5004750147,
1.7072777756940631,-74.36929128591566,406470.8611823668,
1.7104915950950452,-74.6121394957407,406468.22253446723,
1.7137054247884658,-74.85498753709967,406465.5822422205,
1.7169192670381186,-75.09783544384919,406462.9414503238,
1.7201331217911546,-75.34068321592204,406460.30015879584,
1.723346991151624,-75.58353101608097,406457.658365978,
1.7265608730289597,-75.82637855264372,406455.01721981127,
1.7297747649809279,-76.06922592025023,406452.37442986586,
1.732988669229863,-76.31207315288412,406449.73114057916,
1.7362025857284982,-76.55492025045936,406447.0873520552,
1.7394165144226703,-76.79776721291597,406444.4430643339,
1.7426304574870777,-77.040614074328,406441.7994217198,
1.7458444104085826,-77.28346076632857,406439.1541358092,
1.749058375374536,-77.52630732297155,406436.50835093955,
1.7522723523294317,-77.769153744182,406433.86206718226,
1.7554863434131982,-78.01200006415735,406431.2164286235,
1.7587003463413906,-78.25484620906786,406428.5691454455,
1.7619143589498347,-78.49769222357611,406425.9213653738,
1.7651283833406826,-78.74053810235432,406423.2730866975,
1.7683424194656956,-78.98338384534111,406420.6243094579,
1.7715564694215027,-79.22622948680663,406417.9761776389,
1.7747705288473439,-79.46907495798791,406415.32640349783,
1.7779845998490553,-79.71192029314818,406412.6761310178,
1.781198682379369,-79.95476549220223,406410.02536029083,
1.7844127784999553,-80.19761058952423,406407.3752351232,
1.7876268839202298,-80.44045551618092,406404.723468052,
1.7908410007108428,-80.68330030651225,406402.07120293844,
1.7940551288210584,-80.92614496044519,406399.4184398431,
1.7972692703532929,-81.168989640743,406396.765177075,
1.8004834230245192,-81.41183405620518,406394.11256182287,
1.8036975847772019,-81.65467830051062,406391.45830521325,
1.8069117576403169,-81.8975224081193,406388.8035509129,
1.8101259415702164,-82.14036637895731,406386.1482989942,
1.8133401385481231,-82.38321007948565,406383.4936929528,
1.8165543444357417,-82.62605377657542,406380.83744598326,
1.8197685612281762,-82.86889733667175,406378.18070160435,
1.8229827888756838,-83.11174075968836,406375.52345991315,
1.826197027330007,-83.3545840455659,406372.8657209427,
1.8294112785352394,-83.59742722895498,406370.20862804574,
1.8326255405854988,-83.84027040317164,406367.54989296163,
1.8358398111316745,-84.08311327718678,406364.8906625989,
1.8390540922727,-84.32595601374044,406362.2309352996,
1.842268385926323,-84.5687986476002,406359.5718541972,
1.8454826880970576,-84.81164110906946,406356.911133114,
1.8486970007138757,-85.05448343286758,406354.2499152659,
1.851911323716365,-85.2973256189261,406351.58820072544,
1.8551256570571195,-85.54016766715591,406348.92598958855,
1.8583400026120522,-85.78300961242286,406346.2644248382,
1.86155435646662,-86.0258513848068,406343.6012206631,
1.8647687205034362,-86.26869285105698,406340.93752007035,
1.867983096826751,-86.51153451012772,406338.27332135796,
1.8711974829692104,-86.75437590316761,406335.60977099213,
1.8744118772369045,-86.9972171229457,406332.94458161603,
1.8776262814808269,-87.24005820438157,406330.27889612864,
1.8808406956478734,-87.48289914741872,406327.6127145632,
1.8840551196890756,-87.72573995194,406324.9460370874,
1.887269555403891,-87.96858065301853,406322.2800062998,
1.8904839990262532,-88.2114211803526,406319.61233705963,
1.8936984523644813,-88.45426156897952,406316.9441720397,
1.8969129153698296,-88.69710181881118,406314.2755113568,
1.90012738798788,-88.93994192977425,406311.60635506496,
1.9033418741338948,-89.18278209985084,406308.9378438876,
1.9065563658154023,-89.42562193286534,406306.2676965888,
1.9097708669545892,-89.66846162680474,406303.59705386526,
1.9129853774991257,-89.9113011815707,406300.9259158285,
1.9161998991773612,-90.15414063240632,406298.255424834,
1.9194144283718664,-90.39697974053394,406295.5832963624,
1.9226289668165484,-90.6398188773673,406292.91067278315,
1.9258435144591939,-90.88265787473597,406290.2375541813,
1.929058071248959,-91.12549673256888,406287.5639406047,
1.932272638872378,-91.3683354861974,406284.89097425924,
1.9354872137918189,-91.61117406474096,406282.2163709628,
1.9387017977041712,-91.85401250351833,406279.5412729301,
1.9419163927096894,-92.09685096529245,406276.8656784295,
1.9451309961505117,-92.33968915981615,406274.1907330915,
1.9483456067172351,-92.58252717887018,406271.514151234,
1.9515602260669114,-92.82536505785714,406268.8370749405,
1.9547748541474625,-93.06820279670472,406266.1595042608,
1.9579894909103353,-93.31104039534739,406263.4814392575,
1.9612041379593894,-93.55387788929738,406260.8040218218,
1.9644187919173766,-93.79671520729806,406258.1249684123,
1.9676334543973368,-94.0395523848577,406255.44542092795,
1.970848125349557,-94.28238925380805,406252.7653794194,
1.9740628063514751,-94.52522618595941,406250.0859855942,
1.977277496236372,-94.76806310461149,406247.40495443734,
1.9804921922877332,-95.01089971969571,406244.72343127616,
1.9837068965988347,-95.25373619396561,406242.0414143908,
1.9869216091245467,-95.4965725273417,406239.35890386667,
1.990136331398328,-95.73940875554547,406236.67704122583,
1.9933510601829065,-95.98224480694506,406233.99354357313,
1.9965657970230386,-96.22508071723138,406231.3095524892,
1.999780541868805,-96.46791648633007,406228.6250680583,
2.002995296221128,-96.71075215003663,406225.9412316496,
2.0062100569101626,-96.95358763655832,406223.25576067006,
2.009424825448064,-97.19642298166337,406220.5697965608,
2.0126396039357983,-97.43925834812069,406217.8833375664,
2.0158543880135733,-97.68209341017598,406215.1963873939,
2.019069181294964,-97.92492836657385,406212.5100854315,
2.0222839806968596,-98.16776314530455,406209.82214944786,
2.025498787687445,-98.41059761414857,406207.1337206957,
2.0287136022109373,-98.65343210922958,406204.4447992316,
2.0319284256987373,-98.8962664984374,406201.7565261268,
2.0351432551317092,-99.13910070960264,406199.06661941763,
2.0383580919427833,-99.38193477866258,406196.37622027495,
2.0415729360788166,-99.62476870556907,406193.68532869965,
2.044787787494601,-99.86760249024252,406190.9939447804,
2.048002649722612,-100.1104363316013,406188.3032076112,
2.0512175155246783,-100.35326983159689,406185.61083920486,
2.0544323884423834,-100.59610318913934,406182.91797866987,
2.057647268426735,-100.83893640413044,406180.22462612484,
2.060862156831912,-101.08176951278017,406177.53192222497,
2.064077050786289,-101.3246024424958,406174.83758577716,
2.067291951650659,-101.56743522946579,406172.14275747066,
2.0705068593724723,-101.81026787359934,406169.4474374199,
2.0737217752752626,-102.05310041114478,406166.7527662257,
2.076936696548362,-102.2959327694071,406164.0564628501,
2.0801516245253575,-102.53876481650735,406161.35966796166,
2.083366559150366,-102.78159688856437,406158.66238162125,
2.08658150252851,-103.02442898024441,406155.96460208687,
2.089796451628312,-103.2672608022607,406153.2674733541,
2.093011405878952,-103.51009244448176,406150.56871305447,
2.09622636657298,-103.75292394327766,406147.86946157814,
2.0994413336531434,-103.99575529856014,406145.1697190147,
2.1026563083702774,-104.2385865467894,406142.47062560765,
2.1058712880637347,-104.48141761485232,406139.7699010441,
2.109086273990905,-104.72424853918181,406137.06868561695,
2.1123012660934033,-104.96707931970059,406134.3669794003,
2.115516264326096,-105.20990995633991,406131.66478244885,
2.1187312698897744,-105.45274048564602,406128.9632348515,
2.121946282367049,-105.69557099714058,406126.26005483913,
2.125161298659326,-105.93840120169426,406123.5563861515,
2.1283763208685627,-106.1812312620682,406120.85222701647,
2.131591350169044,-106.42406104680299,406118.1487173754,
2.1348063840504574,-106.66689081860903,406115.44357757113,
2.1380214236912383,-106.90972044599744,406112.7379475938,
2.141236469045163,-107.15254992890607,406110.03182747174,
2.1444515200513505,-107.39537926725922,406107.3252172911,
2.147666577848674,-107.63820849779484,406104.61925678776,
2.1508816400049846,-107.8810375468305,406101.9116666704,
2.1540967076621365,-108.12386645108182,406099.20358671906,
2.1573117829174318,-108.36669537330238,406096.4950152042,
2.1605268625659027,-108.60952402467029,406093.78709530656,
2.1637419463993885,-108.852352494142,406091.0775462619,
2.1669570355238092,-109.09518081853554,406088.36750768067,
2.1701721298831393,-109.33800899777174,406085.65697962884,
2.1733872294306935,-109.5808370317643,406082.9459622119,
2.1766023352197967,-109.82366495747277,406080.2355947685,
2.1798174449716674,-110.066492700803,406077.5235987437,
2.1830325597509104,-110.30932029868507,406074.8111135326,
2.1862476795084196,-110.55214758293067,406072.0981392426,
2.189462805263758,-110.7949749267654,406069.38581508794,
2.1926779369615628,-111.03780225066134,406066.6718609895,
2.1958930713228595,-111.28062926598159,406063.95741983026,
2.199108210452435,-111.52345613546652,406061.2424898719,
2.2023233542941614,-111.76628285904883,406058.527071191,
2.2055385038320336,-112.00910947384881,406055.8123028339,
2.2087536569350603,-112.25193590541289,406053.0959068878,
2.211968814596141,-112.4947621908446,406050.37902245275,
2.2151839767604677,-112.73758833007139,406047.66164957854,
2.218399144378194,-112.98041436029388,406044.94492720143,
2.221614315384563,-113.22324020690627,406042.226577667,
2.2248294907410573,-113.46606590707921,406039.50773995725,
2.2280439525969973,-113.70889157834569,406036.78841410246,
2.231251866878783,-113.95171754125147,406034.0697370344,
2.2344534513701984,-114.19454092074807,406031.3494351548,
2.2376686425583268,-114.43736603373208,406028.62864534016,
2.2408838378337865,-114.6801908318152,406025.9073676938,
2.2440990371368694,-114.92301565111893,406023.18560228,
2.247314241502347,-115.16584036090688,406020.46448768565,
2.2505294487031837,-115.40866488623715,406017.7417469731,
2.2537446597763253,-115.65148926447472,406015.01851869875,
2.2569598746735524,-115.89431349551279,406012.2948030106,
2.2601750943883125,-116.13713761684079,406009.57173823874,
2.2633903167589433,-116.37996155331513,406006.8470478261,
2.266605544952041,-116.62278550522711,406004.1218683153,
2.269820774600658,-116.86560914682116,406001.39620350074,
2.2730360078056533,-117.10843264085872,405998.6700516088,
2.2762512455282993,-117.35125602489614,405995.94455086015,
2.2794664856840083,-117.59407922362283,405993.21742498735,
2.282681729243045,-117.8369022745747,405990.4898122428,
2.2858969761477868,-118.07972517766171,405987.7617127361,
2.2891122273273616,-118.32254797053974,405985.03426450695,
2.292327480761465,-118.56537040960785,405982.30519164057,
2.2955427373882826,-118.80819286870297,405979.57563219924,
2.2987579971526317,-119.05101517964113,405976.8455862791,
2.301973262156806,-119.29383750517513,405974.1150521236,
2.3051885289715086,-119.53665955740087,405971.38517125556,
2.3084037978257954,-119.77948142343905,405968.65366631595,
2.3116190696044043,-120.02230314101939,405965.9216752106,
2.3148343442575117,-120.26512471009198,405963.18919793423,
2.318049622635044,-120.50794616844541,405960.4573723274,
2.3212649028702756,-120.75076744024,405957.72392306547,
2.3244801858237656,-120.99358856327314,405954.9899879463,
2.327695471440609,-121.23640953747542,405952.25556700845,
2.330910760535608,-121.47923040077342,405949.5217978174,
2.334126051311956,-121.72205107711886,405946.7864054469,
2.3373413467499313,-121.96487176723417,405944.05052567,
2.340556642483731,-122.20769214539052,405941.31416223105,
2.343771940618395,-122.4505123743437,405938.5773133575,
